Able,4
Acid,4
Aged,4
Also,4
Area,4
Army,4
Away,4
Baby,4
Back,4
Ball,4
Band,4
Bank,4
Bare,4
Base,4
Bath,4
Bear,4
Beat,4
Bell,4
Belt,4
Best,4
Bird,4
Blue,4
Boat,4
Body,4
Bomb,4
Bond,4
Bone,4
Book,4
Boom,4
Born,4
Boss,4
Both,4
Bowl,4
Bulk,4
Burn,4
Bush,4
Busy,4
Cake,4
Call,4
Calm,4
Camp,4
Card,4
Care,4
Case,4
Cash,4
Cast,4
Cell,4
Chat,4
Chip,4
City,4
Clan,4
Clay,4
Clean,5
Clip,4
Club,4
Coal,4
Coat,4
Code,4
Cold,4
Come,4
Cook,4
Cool,4
Cope,4
Copy,4
Core,4
Cost,4
Crew,4
Crop,4
Cult,4
Curb,4
Cure,4
Curt,4
Cute,4
Dare,4
Dark,4
Dash,4
Data,4
Date,4
Dawn,4
Dead,4
Deaf,4
Deal,4
Dear,4
Debt,4
Deck,4
Deed,4
Deep,4
Deer,4
Desk,4
Dial,4
Diet,4
Disc,4
Dish,4
Disk,4
Does,4
Done,4
Doom,4
Door,4
Dose,4
Down,4
Draw,4
Drew,4
Drop,4
Drug,4
Dual,4
Duck,4
Duke,4
Dull,4
Dumb,4
Dust,4
Duty,4
Each,4
Earl,4
Earn,4
East,4
Easy,4
Echo,4
Edge,4
Edit,4
Else,4
Envy,4
Epic,4
Even,4
Ever,4
Evil,4
Exit,4
Face,4
Fact,4
Fade,4
Fail,4
Fair,4
Fake,4
Fall,4
Fame,4
Fare,4
Farm,4
Fast,4
Fate,4
Fear,4
Feed,4
Feel,4
Fees,4
Fell,4
Felt,4
File,4
Fill,4
Film,4
Find,4
Fine,4
Fire,4
Firm,4
Fish,4
Fist,4
Five,4
Flat,4
Flea,4
Flew,4
Flip,4
Flow,4
Flux,4
Flys,4
Foam,4
Foil,4
Fold,4
Font,4
Food,4
Fool,4
Foot,4
Ford,4
Fore,4
Fork,4
Form,4
Fort,4
Foul,4
Four,4
Free,4
Frog,4
From,4
Fuel,4
Full,4
Fund,4
Gain,4
Game,4
Gang,4
Gate,4
Gaze,4
Gear,4
Germ,4
Gift,4
Girl,4
Give,4
Glad,4
Goal,4
Goat,4
Gold,4
Golf,4
Gone,4
Good,4
Grab,4
Gray,4
Grew,4
Grey,4
Grid,4
Grin,4
Grip,4
Grow,4
Gulf,4
Hair,4
Half,4
Hall,4
Halt,4
Hand,4
Hang,4
Hard,4
Harm,4
Hate,4
Have,4
Hawk,4
Head,4
Heal,4
Hear,4
Heat,4
Heck,4
Held,4
Hell,4
Help,4
Here,4
Hero,4
High,4
Hill,4
Hire,4
Hold,4
Hole,4
Holy,4
Home,4
Hope,4
Host,4
Hour,4
Huge,4
Hull,4
Hung,4
Hunt,4
Hurt,4
Icon,4
Idea,4
Idle,4
Idol,4
Inch,4
Into,4
Iron,4
Item,4
Itch,4
Jail,4
Jazz,4
Jeep,4
Jerk,4
Jets,4
Jobs,4
Join,4
Joke,4
Jolt,4
Jump,4
Junk,4
Jury,4
Just,4
Keen,4
Keep,4
Kent,4
Kept,4
Keys,4
Kick,4
Kill,4
Kind,4
King,4
Kiss,4
Kite,4
Knee,4
Knew,4
Knit,4
Knot,4
Know,4
Lack,4
Lady,4
Laid,4
Lake,4
Lamp,4
Land,4
Lane,4
Last,4
Late,4
Lava,4
Lawn,4
Lazy,4
Lead,4
Leaf,4
Leak,4
Lean,4
Leap,4
Left,4
Lend,4
Lens,4
Lent,4
Less,4
Lest,4
Levy,4
Liar,4
Lick,4
Lift,4
Like,4
Lime,4
Limp,4
Line,4
Link,4
Lion,4
List,4
Live,4
Load,4
Loan,4
Lock,4
Loft,4
Logo,4
Long,4
Look,4
Loom,4
Lord,4
Lose,4
Loss,4
Lost,4
Loud,4
Love,4
Lows,4
Luck,4
Lucy,4
Lump,4
Lung,4
Lure,4
Lush,4
Made,4
Maid,4
Mail,4
Main,4
Make,4
Male,4
Mall,4
Many,4
Maps,4
Mark,4
Mars,4
Mask,4
Mass,4
Mate,4
Math,4
Meal,4
Mean,4
Meat,4
Meek,4
Meet,4
Mega,4
Melt,4
Memo,4
Menu,4
Mess,4
Meta,4
Mice,4
Mild,4
Mile,4
Milk,4
Mill,4
Mind,4
Mine,4
Mint,4
Miss,4
Mist,4
Mode,4
Mood,4
Moon,4
More,4
Most,4
Move,4
Much,4
Muddy,5
Muse,4
Must,4
Mute,4
Myth,4
Nail,4
Name,4
Near,4
Neat,4
Neck,4
Need,4
Neon,4
Nest,4
Nets,4
News,4
Next,4
Nice,4
Nick,4
Night,5
Nine,4
Node,4
None,4
Noon,4
Norm,4
Nose,4
Note,4
Nova,4
Nude,4
Null,4
Oats,4
Obey,4
Odds,4
Ohms,4
Oils,4
Oily,4
Okay,4
Once,4
Only,4
Open,4
Oral,4
Ours,4
Oval,4
Oven,4
Over,4
Pace,4
Pack,4
Page,4
Paid,4
Pain,4
Pair,4
Pale,4
Palm,4
Pane,4
Pant,4
Papa,4
Park,4
Part,4
Pass,4
Past,4
Path,4
Peak,4
Pear,4
Peck,4
Peel,4
Peer,4
Pens,4
Pert,4
Pest,4
Pets,4
Pick,4
Pier,4
Pile,4
Pill,4
Pine,4
Pink,4
Pint,4
Pipe,4
Pity,4
Plan,4
Plat,4
Play,4
Plea,4
Plot,4
Plug,4
Plus,4
Poem,4
Poet,4
Pole,4
Poll,4
Polo,4
Pond,4
Pool,4
Poor,4
Pope,4
Port,4
Pose,4
Post,4
Pour,4
Pray,4
Prep,4
Pure,4
Push,4
Quit,4
Quiz,4
Race,4
Rack,4
Raid,4
Rail,4
Rain,4
Rare,4
Rate,4
Read,4
Real,4
Rear,4
Rely,4
Rent,4
Rest,4
Rice,4
Rich,4
Ride,4
Ring,4
Rise,4
Risk,4
Road,4
Rock,4
Role,4
Roof,4
Room,4
Root,4
Rope,4
Rose,4
Rout,4
Ruby,4
Rude,4
Rule,4
Rush,4
Rust,4
Sack,4
Safe,4
Sage,4
Said,4
Sail,4
Sale,4
Salt,4
Same,4
Sand,4
Sang,4
Save,4
Says,4
Scan,4
Scar,4
Seal,4
Seat,4
Seed,4
Seek,4
Seem,4
Seen,4
Self,4
Sell,4
Send,4
Sent,4
Sept,4
Sets,4
Shed,4
Ship,4
Shoe,4
Shop,4
Shot,4
Show,4
Shut,4
Sick,4
Side,4
Sign,4
Silk,4
Silo,4
Sing,4
Sink,4
Site,4
Size,4
Skin,4
Skip,4
Slap,4
Slim,4
Slip,4
Slot,4
Slow,4
Soap,4
Soar,4
Soda,4
Soft,4
Soil,4
Sold,4
Sole,4
Solo,4
Some,4
Song,4
Soon,4
Sort,4
Soul,4
Soup,4
Sour,4
Span,4
Spin,4
Spot,4
Star,4
Stay,4
Stem,4
Step,4
Stir,4
Stop,4
Such,4
Suit,4
Sung,4
Sure,4
Surf,4
Swap,4
Swim,4
Sync,4
Tact,4
Tail,4
Take,4
Tale,4
Talk,4
Tall,4
Tank,4
Tape,4
Task,4
Taxi,4
Team,4
Tear,4
Tech,4
Tell,4
Tend,4
Tent,4
Term,4
Test,4
Text,4
Than,4
That,4
Them,4
Then,4
They,4
Thin,4
This,4
Thou,4
Thus,4
Tick,4
Tide,4
Tidy,4
Tier,4
Tile,4
Till,4
Time,4
Tiny,4
Tips,4
Tire,4
Toes,4
Told,4
Toll,4
Tone,4
Tony,4
Took,4
Tool,4
Tops,4
Tore,4
Toss,4
Tour,4
Town,4
Trap,4
Tray,4
Tree,4
Trek,4
Trim,4
Trio,4
Trip,4
True,4
Tube,4
Tune,4
Twin,4
Type,4
Tyro,4
Unit,4
Upon,4
Urge,4
Used,4
User,4
Vain,4
Vale,4
Vary,4
Vast,4
Veil,4
Vein,4
Vent,4
Verb,4
Very,4
Veto,4
Vice,4
View,4
Vine,4
Visa,4
Void,4
Volt,4
Vote,4
Wage,4
Wait,4
Wake,4
Walk,4
Wall,4
Want,4
Ward,4
Warm,4
Warn,4
Wash,4
Wave,4
Weak,4
Wear,4
Weed,4
Week,4
Weep,4
Weld,4
Well,4
Went,4
Were,4
West,4
What,4
When,4
Whom,4
Wide,4
Wife,4
Wild,4
Will,4
Wind,4
Wine,4
Wing,4
Wins,4
Wire,4
Wise,4
Wish,4
With,4
Wolf,4
Wood,4
Wool,4
Word,4
Work,4
Worm,4
Worn,4
Wrap,4
Yard,4
Year,4
Yell,4
Yoga,4
York,4
Your,4
Zeal,4
Zero,4
Zone,4
Zoom,4


Abate,5
Abbey,5
Abbot,5
Abide,5
Abode,5
Abort,5
About,5
Above,5
Abuse,5
Abyss,5
Acorn,5
Acrid,5
Actor,5
Acute,5
Adage,5
Adapt,5
Adept,5
Admin,5
Admit,5
Adobe,5
Adopt,5
Adore,5
Adorn,5
Adult,5
Affix,5
Afire,5
Afoot,5
Afoul,5
After,5
Again,5
Agape,5
Agate,5
Agent,5
Agile,5
Aging,5
Agony,5
Agree,5
Ahead,5
Aided,5
Aisle,5
Alarm,5
Album,5
Alert,5
Algae,5
Alias,5
Alibi,5
Alien,5
Align,5
Alike,5
Alive,5
Allay,5
Alley,5
Allot,5
Allow,5
Alloy,5
Aloft,5
Alone,5
Along,5
Aloof,5
Aloud,5
Alpha,5
Altar,5
Alter,5
Amass,5
Amaze,5
Amber,5
Amble,5
Amend,5
Amiss,5
Amity,5
Among,5
Ample,5
Amply,5
Amuse,5
Angel,5
Anger,5
Angle,5
Angry,5
Angst,5
Anion,5
Anise,5
Ankle,5
Annex,5
Annoy,5
Annul,5
Anode,5
Antic,5
Anvil,5
Aorta,5
Apart,5
Aphid,5
Aping,5
Apnea,5
Apple,5
Apply,5
Apron,5
Aptly,5
Arbor,5
Ardor,5
Arena,5
Argue,5
Arise,5
Armor,5
Aroma,5
Arose,5
Array,5
Arrow,5
Arson,5
Artsy,5
Ascot,5
Ashen,5
Aside,5
Askew,5
Aspen,5
Assay,5
Asset,5
Atoll,5
Atone,5
Attic,5
Audio,5
Audit,5
Auger,5
Augur,5
Avail,5
Avert,5
Avian,5
Avoid,5
Await,5
Awake,5
Award,5
Aware,5
Awash,5
Awful,5
Awoke,5
Axial,5
Axiom,5
Axion,5
Azure,5
Bacon,5
Badge,5
Badly,5
Bagel,5
Baggy,5
Baker,5
Baler,5
Balmy,5
Banal,5
Bandy,5
Banjo,5
Barge,5
Baron,5
Basal,5
Basic,5
Basil,5
Basin,5
Basis,5
Baste,5
Batch,5
Bathe,5
Baton,5
Batty,5
Bawdy,5
Bayed,5
Beach,5
Beady,5
Beard,5
Beast,5
Beech,5
Beefy,5
Befit,5
Began,5
Begat,5
Begin,5
Begun,5
Being,5
Belch,5
Belie,5
Belle,5
Belly,5
Below,5
Bench,5
Beret,5
Berry,5
Berth,5
Beset,5
Besot,5
Bevel,5
Bezel,5
Bible,5
Bicep,5
Biddy,5
Bigot,5
Bilge,5
Billy,5
Binge,5
Bingo,5
Biome,5
Birch,5
Birth,5
Bison,5
Bitch,5
Bitty,5
Black,5
Blade,5
Blame,5
Bland,5
Blank,5
Blare,5
Blast,5
Blaze,5
Bleak,5
Bleat,5
Bleed,5
Bleep,5
Blend,5
Bless,5
Blimp,5
Blind,5
Blink,5
Bliss,5
Blitz,5
Bloat,5
Block,5
Bloke,5
Blond,5
Blood,5
Bloom,5
Blown,5
Bluff,5
Blunt,5
Blurb,5
Blurt,5
Blush,5
Board,5
Boast,5
Bobby,5
Boney,5
Bongo,5
Bonus,5
Booby,5
Boost,5
Booth,5
Boozy,5
Borax,5
Borne,5
Bosom,5
Bossy,5
Botch,5
Bough,5
Boule,5
Bound,5
Bowel,5
Boxer,5
Brace,5
Braid,5
Brain,5
Brake,5
Brand,5
Brash,5
Brass,5
Brave,5
Bravo,5
Brawl,5
Brawn,5
Bread,5
Break,5
Breed,5
Briar,5
Bribe,5
Brick,5
Bride,5
Brief,5
Brier,5
Brine,5
Bring,5
Brink,5
Briny,5
Brisk,5
Broad,5
Broil,5
Broke,5
Brood,5
Brook,5
Broom,5
Broth,5
Brown,5
Brunt,5
Brush,5
Brute,5
Buddy,5
Budge,5
Buggy,5
Bugle,5
Build,5
Built,5
Bulge,5
Bulky,5
Bully,5
Bunch,5
Bunny,5
Burly,5
Burnt,5
Burst,5
Bused,5
Bushy,5
Butch,5
Butyl,5
Buxom,5
Buyer,5
Bylaw,5
Cabal,5
Cabin,5
Cable,5
Cacao,5
Cache,5
Cacti,5
Caddy,5
Cadet,5
Cagey,5
Cairn,5
Camel,5
Cameo,5
Canal,5
Candy,5
Canny,5
Canoe,5
Canon,5
Canto,5
Caput,5
Carat,5
Cargo,5
Carol,5
Carry,5
Carve,5
Caste,5
Catch,5
Cater,5
Catty,5
Cause,5
Cavil,5
Cease,5
Cedar,5
Cello,5
Chafe,5
Chaff,5
Chain,5
Chair,5
Chalk,5
Champ,5
Chant,5
Chaos,5
Chard,5
Charm,5
Chart,5
Chase,5
Chasm,5
Cheap,5
Cheat,5
Check,5
Cheek,5
Cheer,5
Chess,5
Chest,5
Chick,5
Chide,5
Chief,5
Child,5
Chili,5
Chill,5
Chime,5
China,5
Chirp,5
Chock,5
Choir,5
Choke,5
Chord,5
Chore,5
Chose,5
Chuck,5
Chump,5
Chunk,5
Churn,5
Chute,5
Cider,5
Cigar,5
Cinch,5
Circa,5
Civic,5
Civil,5
Clack,5
Claim,5
Clamp,5
Clang,5
Clank,5
Clash,5
Clasp,5
Class,5
Clean,5
Clear,5
Cleat,5
Cleft,5
Clerk,5
Click,5
Cliff,5
Climb,5
Cling,5
Clink,5
Cloak,5
Clock,5
Clone,5
Close,5
Cloth,5
Cloud,5
Clout,5
Clove,5
Clown,5
Cluck,5
Clump,5
Clung,5
Coach,5
Coast,5
Cobra,5
Cocoa,5
Colon,5
Color,5
Comet,5
Comfy,5
Comic,5
Comma,5
Conic,5
Copse,5
Coral,5
Corer,5
Corny,5
Couch,5
Cough,5
Could,5
Count,5
Coupe,5
Court,5
Cover,5
Covet,5
Covey,5
Cower,5
Coyly,5
Crack,5
Craft,5
Cramp,5
Crane,5
Crank,5
Crash,5
Crass,5
Crate,5
Crave,5
Crawl,5
Craze,5
Crazy,5
Creak,5
Cream,5
Credo,5
Creed,5
Creek,5
Creel,5
Creep,5
Crept,5
Cress,5
Crest,5
Crone,5
Crony,5
Crook,5
Croon,5
Cross,5
Croup,5
Crowd,5
Crown,5
Crude,5
Cruel,5
Cruet,5
Crumb,5
Crush,5
Crust,5
Crypt,5
Cubic,5
Cumin,5
Curio,5
Curly,5
Curry,5
Curse,5
Curve,5
Curvy,5
Cutie,5
Cyber,5
Cycle,5
Cynic,5
Daddy,5
Daily,5
Dairy,5
Daisy,5
Dally,5
Dance,5
Dandy,5
Datum,5
Daunt,5
Dealt,5
Death,5
Debar,5
Debit,5
Debug,5
Debut,5
Decal,5
Decay,5
Decor,5
Decoy,5
Decry,5
Defer,5
Deign,5
Deity,5
Delay,5
Delta,5
Delve,5
Demon,5
Demur,5
Dense,5
Depot,5
Depth,5
Derby,5
Deter,5
Detox,5
Deuce,5
Devil,5
Diary,5
Dicey,5
Digit,5
Dilly,5
Diner,5
Dingo,5
Dingy,5
Diode,5
Dirge,5
Dirty,5
Disco,5
Ditch,5
Ditto,5
Ditty,5
Diver,5
Divot,5
Dizzy,5
Dodge,5
Dodgy,5
Dogma,5
Doing,5
Dolly,5
Donor,5
Donut,5
Dopey,5
Doubt,5
Dough,5
Dowdy,5
Dowel,5
Downy,5
Dowry,5
Dozen,5
Draft,5
Drain,5
Drake,5
Drama,5
Drank,5
Drape,5
Drawl,5
Drawn,5
Dread,5
Dream,5
Dress,5
Dried,5
Drier,5
Drift,5
Drill,5
Drink,5
Drive,5
Droit,5
Droll,5
Drone,5
Drool,5
Droop,5
Dross,5
Drove,5
Drown,5
Druid,5
Drunk,5
Dryer,5
Dryly,5
Dully,5
Dummy,5
Dumpy,5
Dunce,5
Dusky,5
Dusty,5
Dutch,5
Duval,5
Dwarf,5
Dwell,5
Dwelt,5
Dying,5
Eager,5
Eagle,5
Early,5
Earth,5
Easel,5
Eaten,5
Eater,5
Ebony,5
Eclat,5
Edema,5
Edged,5
Edify,5
Eerie,5
Egret,5
Eight,5
Eject,5
Eking,5
Elate,5
Elbow,5
Elder,5
Elect,5
Elegy,5
Elide,5
Elite,5
Elope,5
Elude,5
Email,5
Embed,5
Ember,5
Emcee,5
Emery,5
Empty,5
Enact,5
Endow,5
Enema,5
Enemy,5
Enjoy,5
Ennui,5
Enrol,5
Ensué,5
Enter,5
Entry,5
Envoy,5
Epoch,5
Epoxy,5
Equal,5
Equip,5
Erase,5
Erect,5
Erode,5
Error,5
Erupt,5
Essay,5
Ester,5
Ether,5
Ethic,5
Ethos,5
Ethyl,5
Etude,5
Evade,5
Event,5
Every,5
Evict,5
Evoke,5
Exact,5
Exalt,5
Excel,5
Exert,5
Exile,5
Exist,5
Expel,5
Extol,5
Extra,5
Exult,5
Eying,5
Fable,5
Facet,5
Faint,5
Fairy,5
Faith,5
False,5
Fancy,5
Fanny,5
Farce,5
Fatal,5
Fated,5
Fatty,5
Fault,5
Fauna,5
Favor,5
Feast,5
Fecal,5
Feign,5
Felon,5
Femur,5
Fence,5
Feral,5
Ferry,5
Fetch,5
Fetal,5
Fetid,5
Fetis,5
Fever,5
Fewer,5
Fiber,5
Ficré,5
Field,5
Fiend,5
Fiery,5
Fifth,5
Fifty,5
Fight,5
Filch,5
Filet,5
Filly,5
Filmy,5
Filth,5
Final,5
Finch,5
Finny,5
First,5
Fishy,5
Fixed,5
Fixer,5
Fizzy,5
Flack,5
Flail,5
Flair,5
Flake,5
Flaky,5
Flame,5
Flank,5
Flare,5
Flash,5
Flask,5
Fleck,5
Fleet,5
Flesh,5
Flies,5
Fling,5
Flint,5
Flirt,5
Float,5
Flock,5
Flood,5
Floor,5
Flora,5
Floss,5
Flour,5
Flout,5
Flown,5
Fluff,5
Fluid,5
Fluke,5
Fluky,5
Flume,5
Flung,5
Flunk,5
Flush,5
Flute,5
Flyer,5
Focal,5
Focus,5
Foggy,5
Foist,5
Folio,5
Folly,5
Foray,5
Force,5
Forge,5
Forgo,5
Forte,5
Forth,5
Forty,5
Forum,5
Found,5
Fount,5
Foyer,5
Frail,5
Frame,5
Frank,5
Fraud,5
Freak,5
Freed,5
Freer,5
Fresh,5
Friar,5
Fried,5
Frill,5
Frisk,5
Fritz,5
Frock,5
Frond,5
Front,5
Frost,5
Froth,5
Frown,5
Froze,5
Fruit,5
Fudge,5
Fugue,5
Fully,5
Fungi,5
Funky,5
Funny,5
Furor,5
Furry,5
Furze,5
Fusee,5
Fussy,5
Futon,5
Fuzzy,5
Gaffe,5
Gaily,5
Gamer,5
Games,5
Gamma,5
Gamut,5
Ganja,5
Gapey,5
Gassy,5
Gated,5
Gauge,5
Gaunt,5
Gauze,5
Gauzy,5
Gavel,5
Gawky,5
Gayer,5
Gazer,5
Gears,5
Gecko,5
Geeky,5
Geese,5
Genic,5
Genie,5
Genre,5
Genus,5
Ghost,5
Giant,5
Giddy,5
Gipsy,5
Girth,5
Given,5
Giver,5
Glace,5
Glade,5
Gland,5
Glare,5
Glass,5
Glaze,5
Gleam,5
Glean,5
Glide,5
Glint,5
Gloat,5
Globe,5
Gloom,5
Glory,5
Gloss,5
Glove,5
Glows,5
Gluey,5
Glyph,5
Gnarl,5
Gnash,5
Gnome,5
Godly,5
Going,5
Golem,5
Golly,5
Gonad,5
Goner,5
Goody,5
Gooey,5
Goofy,5
Goose,5
Gorge,5
Gorse,5
Gouge,5
Gourd,5
Gouty,5
Grace,5
Grade,5
Graft,5
Grail,5
Grain,5
Grand,5
Grant,5
Grape,5
Graph,5
Grasp,5
Grass,5
Grate,5
Grave,5
Gravy,5
Graze,5
Great,5
Greed,5
Green,5
Greet,5
Grief,5
Grill,5
Grime,5
Grimy,5
Grind,5
Gripe,5
Grist,5
Grits,5
Groan,5
Groin,5
Groom,5
Grope,5
Gross,5
Group,5
Grout,5
Grove,5
Growl,5
Grown,5
Gruel,5
Gruff,5
Grunt,5
Guard,5
Guava,5
Guess,5
Guest,5
Guide,5
Guild,5
Guile,5
Guilt,5
Guise,5
Gulch,5
Gully,5
Gumbo,5
Gummy,5
Guppy,5
Gusto,5
Gusty,5
Gypsy,5
Habit,5
Hairy,5
Halve,5
Handy,5
Happy,5
Hardy,5
Harem,5
Harsh,5
Haste,5
Hasty,5
Hatch,5
Hater,5
Haunt,5
Haute,5
Haven,5
Havoc,5
Hazel,5
Heady,5
Heard,5
Heart,5
Heath,5
Heave,5
Heavy,5
Hedge,5
Hefty,5
Heist,5
Helix,5
Hello,5
Hence,5
Herds,5
Hobby,5
Hoist,5
Holly,5
Homer,5
Honey,5
Honor,5
Horde,5
Horse,5
Hotel,5
Hound,5
House,5
Hover,5
Howdy,5
Human,5
Humic,5
Humid,5
Humor,5
Humph,5
Humus,5
Hunch,5
Hurly,5
Hurry,5
Husky,5
Hutch,5
Hydra,5
Hydro,5
Hyena,5
Hymen,5
Hyper,5
Icier,5
Icily,5
Ideal,5
Idiot,5
Idler,5
Idols,5
Igloo,5
Image,5
Imbue,5
Impel,5
Imply,5
Inane,5
Inbox,5
Incur,5
Index,5
Indie,5
Inner,5
Input,5
Inter,5
Intro,5
Ionic,5
Irate,5
Irony,5
Islet,5
Issue,5
Italy,5
Itchy,5
Ivory,5
Jacky,5
Jaded,5
Jails,5
Jambo,5
Japan,5
Jaunt,5
Jazzy,5
Jelly,5
Jerky,5
Jetty,5
Jewel,5
Jiffy,5
Joint,5
Joist,5
Joker,5
Jolly,5
Joust,5
Judge,5
Juice,5
Juicy,5
Jumbo,5
Jumpy,5
Junta,5
Juror,5
Kappa,5
Karma,5
Kayak,5
Kebab,5
Khaki,5
Kiddy,5
Kinky,5
Kiosk,5
Kitty,5
Knack,5
Knave,5
Knead,5
Kneed,5
Kneel,5
Knelt,5
Knife,5
Knock,5
Knoll,5
Knurl,5
Koala,5
Krill,5
Label,5
Labor,5
Laden,5
Ladle,5
Lager,5
Lakes,5
Lampy,5
Lance,5
Lanky,5
Lapel,5
Lapse,5
Large,5
Larva,5
Laser,5
Lasso,5
Latch,5
Later,5
Latex,5
Lathe,5
Latte,5
Laugh,5
Layer,5
Leach,5
Leafy,5
Leaky,5
Leant,5
Leapt,5
Learn,5
Lease,5
Leash,5
Least,5
Leave,5
Ledge,5
Leech,5
Leery,5
Legal,5
Leggy,5
Lemon,5
Lemur,5
Lepre,5
Letup,5
Level,5
Lever,5
Libel,5
Liege,5
Light,5
Liken,5
Lilac,5
Limbo,5
Limit,5
Lined,5
Linen,5
Liner,5
Lingo,5
Lipid,5
Lippy,5
Liter,5
Lithe,5
Lived,5
Liver,5
Livid,5
Loamy,5
Loath,5
Lobby,5
Local,5
Locus,5
Lodge,5
Lofty,5
Logic,5
Login,5
Loopy,5
Loose,5
Lorry,5
Loser,5
Louse,5
Lousy,5
Lover,5
Lower,5
Lowly,5
Loyal,5
Lucid,5
Lucky,5
Lucre,5
Lully,5
Lunar,5
Lunch,5
Lunge,5
Lupus,5
Lurch,5
Lured,5
Lurid,5
Lurks,5
Lusty,5
Lying,5
Lymph,5
Lynch,5
Lyric,5
Macaw,5
Macho,5
Macro,5
Madam,5
Mafia,5
Magic,5
Magma,5
Maize,5
Major,5
Maker,5
Mamma,5
Mango,5
Mangy,5
Mania,5
Manic,5
Manor,5
Maple,5
March,5
Marry,5
Marsh,5
Mason,5
Masse,5
Match,5
Matey,5
Matte,5
Mauve,5
Maxim,5
Maybe,5
Mayor,5
Mealy,5
Meant,5
Meaty,5
Mecca,5
Medal,5
Media,5
Medic,5
Melee,5
Melon,5
Mercy,5
Merge,5
Merit,5
Merry,5
Meson,5
Metal,5
Meter,5
Metro,5
Micro,5
Midge,5
Midst,5
Might,5
Milky,5
Mince,5
Miner,5
Minim,5
Minor,5
Minty,5
Minus,5
Mirth,5
Miser,5
Misty,5
Miter,5
Mixed,5
Mixer,5
Mocha,5
Modal,5
Model,5
Modem,5
Mogul,5
Moist,5
Molar,5
Moldy,5
Money,5
Month,5
Moody,5
Moose,5
Moral,5
Moron,5
Morph,5
Mossy,5
Motel,5
Motif,5
Motor,5
Motto,5
Mould,5
Mound,5
Mount,5
Mourn,5
Mouse,5
Mousy,5
Mouth,5
Mover,5
Movie,5
Mower,5
Mucky,5
Mucus,5
Muddy,5
Mulch,5
Mummy,5
Munch,5
Mural,5
Murky,5
Mushy,5
Music,5
Musky,5
Musty,5
Muted,5
Myoma,5
Nadir,5
Naive,5
Naked,5
Nanny,5
Nasal,5
Nasty,5
Natal,5
Naval,5
Navel,5
Needy,5
Neigh,5
Nerdy,5
Nerve,5
Nervy,5
Never,5
Newer,5
Newly,5
Nicey,5
Nicer,5
Niche,5
Niece,5
Night,5
Ninja,5
Ninth,5
Noble,5
Nobly,5
Noise,5
Noisy,5
Nomad,5
Nonce,5
Noose,5
North,5
Nosey,5
Notch,5
Noted,5
Novel,5
Nudge,5
Nurse,5
Nutty,5
Nylon,5
Nymph,5
Oaken,5
Oasis,5
Obese,5
Occur,5
Ocean,5
Octal,5
Octet,5
Odder,5
Oddly,5
Offal,5
Offer,5
Often,5
Olden,5
Older,5
Olive,5
Omega,5
Onion,5
Onset,5
Opera,5
Opine,5
Opium,5
Optic,5
Orbit,5
Order,5
Organ,5
Other,5
Otter,5
Ought,5
Ounce,5
Outdo,5
Outer,5
Outgo,5
Ovary,5
Ovate,5
Overt,5
Oxide,5
Ozone,5
Pacer,5
Paddy,5
Pagan,5
Paint,5
Palsy,5
Panel,5
Panic,5
Pansy,5
Papal,5
Paper,5
Parer,5
Parka,5
Parry,5
Parse,5
Party,5
Passe,5
Pasta,5
Paste,5
Pasty,5
Patch,5
Patio,5
Patsy,5
Patty,5
Pause,5
Peace,5
Peach,5
Peaké,5
Pearl,5
Peavy,5
Pedal,5
Pedro,5
Peeve,5
Pekoe,5
Penal,5
Pence,5
Penny,5
Perch,5
Peril,5
Pesky,5
Pesto,5
Petal,5
Peter,5
Petty,5
Phase,5
Phone,5
Phony,5
Photo,5
Piano,5
Picky,5
Piece,5
Piety,5
Piggy,5
Pilot,5
Pinch,5
Piney,5
Pinky,5
Pinto,5
Pious,5
Piper,5
Pique,5
Pitch,5
Pithy,5
Pivot,5
Pixel,5
Pixie,5
Pizza,5
Place,5
Plaid,5
Plain,5
Plait,5
Plane,5
Plank,5
Plant,5
Plate,5
Plaza,5
Plead,5
Pleat,5
Plied,5
Plier,5
Pluck,5
Plumb,5
Plume,5
Plump,5
Plunk,5
Plush,5
Poesy,5
Point,5
Poise,5
Poker,5
Polar,5
Polic,5
Polka,5
Polly,5
Polyp,5
Pooch,5
Poppy,5
Porch,5
Pores,5
Poser,5
Posit,5
Posse,5
Pouch,5
Pound,5
Power,5
Prank,5
Prawn,5
Press,5
Price,5
Prick,5
Pride,5
Pried,5
Prime,5
Primp,5
Print,5
Prior,5
Prism,5
Privy,5
Prize,5
Probe,5
Prone,5
Prong,5
Proof,5
Prose,5
Proud,5
Prove,5
Prowl,5
Proxy,5
Prude,5
Prune,5
Psalm,5
Pubic,5
Pudgy,5
Puffy,5
Pulpy,5
Pulse,5
Punch,5
Punny,5
Puppy,5
Puree,5
Purer,5
Purge,5
Purse,5
Pushy,5
Putty,5
Pygmy,5
Quack,5
Quaff,5
Quail,5
Quake,5
Qualm,5
Quark,5
Quart,5
Quash,5
Quasi,5
Queen,5
Queer,5
Quell,5
Query,5
Quest,5
Queue,5
Quick,5
Quiet,5
Quill,5
Quilt,5
Quirk,5
Quite,5
Quota,5
Quote,5
Quoth,5
Rabbi,5
Rabid,5
Racer,5
Radar,5
Radii,5
Radio,5
Radon,5
Rainy,5
Raise,5
Rajah,5
Rally,5
Ranch,5
Randy,5
Range,5
Rangy,5
Rapid,5
Rarer,5
Raspy,5
Ratty,5
Raven,5
Rayon,5
Razor,5
Reach,5
React,5
Ready,5
Realm,5
Reams,5
Reamy,5
Rearm,5
Rebel,5
Rebus,5
Recut,5
Redid,5
Reedé,5
Reedy,5
Refer,5
Refit,5
Regal,5
Rehab,5
Reign,5
Relax,5
Relay,5
Relic,5
Remit,5
Remix,5
Renal,5
Renew,5
Repel,5
Reply,5
Reset,5
Resin,5
Retch,5
Retro,5
Retry,5
Revel,5
Rhyme,5
Ricer,5
Rider,5
Ridge,5
Rifle,5
Right,5
Rigid,5
Rigor,5
Rinse,5
Ripey,5
Riper,5
Risky,5
Rival,5
River,5
Rivet,5
Roach,5
Roast,5
Robin,5
Robot,5
Rocky,5
Rodeo,5
Rogue,5
Roman,5
Rondo,5
Rooty,5
Ropey,5
Rotor,5
Rough,5
Round,5
Rouse,5
Route,5
Rover,5
Rowdy,5
Royal,5
Ruddy,5
Ruder,5
Rugby,5
Ruler,5
Runny,5
Rural,5
Rusty,5
Sadly,5
Safer,5
Saint,5
Salad,5
Sally,5
Salon,5
Salsa,5
Salty,5
Salve,5
Salvo,5
Sandy,5
Saner,5
Sappy,5
Sassy,5
Satin,5
Satyr,5
Sauce,5
Saucy,5
Sauna,5
Sauté,5
Savor,5
Savoy,5
Scald,5
Scale,5
Scalp,5
Scaly,5
Scant,5
Scarf,5
Scary,5
Scene,5
Scent,5
Scoff,5
Scold,5
Scoop,5
Scoot,5
Scope,5
Score,5
Scorn,5
Scour,5
Scout,5
Scowl,5
Scram,5
Scrap,5
Scree,5
Screw,5
Scrub,5
Scuba,5
Scuff,5
Seals,5
Seamy,5
Sedan,5
Sedge,5
Seedy,5
Segue,5
Seize,5
Selva,5
Senna,5
Sense,5
Sepia,5
Serer,5
Serif,5
Serum,5
Serve,5
Setup,5
Seven,5
Sever,5
Sewer,5
Shack,5
Shade,5
Shady,5
Shaft,5
Shake,5
Shaky,5
Shale,5
Shall,5
Shalt,5
Shame,5
Shank,5
Shape,5
Shard,5
Share,5
Shark,5
Sharp,5
Shave,5
Shawl,5
Sheaf,5
Shear,5
Sheen,5
Sheep,5
Sheer,5
Sheet,5
Shelf,5
Shell,5
Shift,5
Shine,5
Shiny,5
Shire,5
Shirk,5
Shirt,5
Shoal,5
Shock,5
Shone,5
Shook,5
Shoot,5
Shore,5
Shorn,5
Short,5
Shout,5
Shove,5
Shown,5
Showy,5
Shrew,5
Shrub,5
Shrug,5
Shuck,5
Shunt,5
Shush,5
Shyly,5
Sibil,5
Siege,5
Sieve,5
Sight,5
Sigma,5
Silky,5
Silly,5
Since,5
Sinew,5
Singe,5
Siren,5
Sissy,5
Sixth,5
Sixty,5
Skate,5
Skein,5
Skewé,5
Skier,5
Skiff,5
Skill,5
Skimp,5
Skirt,5
Skulk,5
Skull,5
Skunk,5
Slack,5
Slain,5
Slang,5
Slant,5
Slash,5
Slate,5
Sleek,5
Sleep,5
Sleet,5
Slept,5
Slice,5
Slick,5
Slide,5
Slime,5
Slimy,5
Sling,5
Slink,5
Sloop,5
Slope,5
Slosh,5
Sloth,5
Slump,5
Slung,5
Slunk,5
Slurp,5
Slush,5
Slyly,5
Smack,5
Small,5
Smart,5
Smash,5
Smear,5
Smell,5
Smelt,5
Smile,5
Smirk,5
Smite,5
Smith,5
Smock,5
Smoke,5
Smoky,5
Smote,5
Snack,5
Snail,5
Snake,5
Snaky,5
Snare,5
Snarl,5
Sneak,5
Sneer,5
Sniff,5
Snipe,5
Snoop,5
Snore,5
Snort,5
Snout,5
Snowy,5
Snuck,5
Snuff,5
Soapy,5
Sober,5
Solar,5
Solid,5
Solve,5
Sonar,5
Sonic,5
Sonny,5
Sooth,5
Sooty,5
Sorry,5
Sound,5
South,5
Sower,5
Space,5
Spade,5
Spank,5
Spare,5
Spark,5
Spasm,5
Spawn,5
Speak,5
Spear,5
Speck,5
Speed,5
Spell,5
Spelt,5
Spend,5
Spent,5
Sperm,5
Spice,5
Spicy,5
Spied,5
Spies,5
Spike,5
Spiky,5
Spill,5
Spilt,5
Spine,5
Spiny,5
Spire,5
Spite,5
Split,5
Spoil,5
Spoke,5
Spoof,5
Spook,5
Spool,5
Spoon,5
Spore,5
Sport,5
Spout,5
Spray,5
Spree,5
Sprig,5
Spunk,5
Spurn,5
Spurt,5
Squad,5
Squat,5
Squib,5
Stack,5
Staff,5
Stage,5
Staid,5
Stain,5
Stair,5
Stake,5
Stale,5
Stalk,5
Stall,5
Stamp,5
Stand,5
Stank,5
Stare,5
Stark,5
Start,5
Stash,5
State,5
Stave,5
Stead,5
Steak,5
Steal,5
Steam,5
Steed,5
Steel,5
Steep,5
Steer,5
Stein,5
Stela,5
Stent,5
Steps,5
Stern,5
Stick,5
Stiff,5
Still,5
Stilt,5
Sting,5
Stink,5
Stint,5
Stiré,5
Stoat,5
Stock,5
Stoic,5
Stoke,5
Stole,5
Stomp,5
Stone,5
Stony,5
Stool,5
Stoop,5
Store,5
Stork,5
Storm,5
Story,5
Stout,5
Stove,5
Strap,5
Straw,5
Stray,5
Strip,5
Strum,5
Strut,5
Stuck,5
Study,5
Stuff,5
Stump,5
Stung,5
Stunk,5
Stunt,5
Style,5
Suave,5
Sugar,5
Sully,5
Sumac,5
Sunny,5
Super,5
Surge,5
Surly,5
Sushi,5
Swami,5
Swamp,5
Swank,5
Sward,5
Swarm,5
Swash,5
Swath,5
Swayé,5
Sweat,5
Sweep,5
Sweet,5
Swell,5
Swept,5
Swift,5
Swill,5
Swine,5
Swing,5
Swirl,5
Swish,5
Swoon,5
Swoop,5
Sword,5
Swore,5
Sworn,5
Swumé,5
Syrup,5
Tabby,5
Table,5
Taboo,5
Tacit,5
Tacky,5
Taffy,5
Taint,5
Taken,5
Taker,5
Tally,5
Talon,5
Tamer,5
Tango,5
Tangy,5
Taper,5
Tapir,5
Tardy,5
Tarot,5
Taste,5
Tasty,5
Taunt,5
Tawny,5
Teach,5
Tease,5
Techy,5
Teddy,5
Teeth,5
Tempo,5
Tenet,5
Tenor,5
Tense,5
Tenth,5
Tepee,5
Tepid,5
Terra,5
Terse,5
Testy,5
Thank,5
Theft,5
Their,5
Theme,5
There,5
These,5
Theta,5
Thick,5
Thief,5
Thigh,5
Thine,5
Thing,5
Think,5
Third,5
Thong,5
Thorn,5
Those,5
Three,5
Threw,5
Throb,5
Throw,5
Thrum,5
Thumb,5
Thump,5
Thyme,5
Tiara,5
Tibia,5
Tidal,5
Tiger,5
Tight,5
Tilde,5
Timer,5
Timid,5
Tipsy,5
Titan,5
Title,5
Tithe,5
Toady,5
Toast,5
Today,5
Toddy,5
Token,5
Tonal,5
Tonga,5
Tonic,5
Tooth,5
Topaz,5
Topic,5
Torch,5
Torso,5
Torus,5
Total,5
Totem,5
Touch,5
Tough,5
Towel,5
Tower,5
Toxic,5
Toxin,5
Trace,5
Track,5
Tract,5
Trade,5
Trail,5
Train,5
Trait,5
Tramp,5
Trash,5
Trawl,5
Tread,5
Treat,5
Trend,5
Triad,5
Trial,5
Tribe,5
Trice,5
Trick,5
Tried,5
Trike,5
Trill,5
Trimé,5
Tripe,5
Trite,5
Troll,5
Troop,5
Trope,5
Trout,5
Trove,5
Truce,5
Truck,5
Truer,5
Truly,5
Trump,5
Trunk,5
Truss,5
Trust,5
Truth,5
Tryst,5
Tubal,5
Tuber,5
Tulip,5
Tulle,5
Tumor,5
Tunic,5
Tunny,5
Turbo,5
Tutor,5
Twang,5
Tweak,5
Tweed,5
Twice,5
Twill,5
Twine,5
Twirl,5
Twist,5
Typer,5
Tythe,5
Ulcer,5
Ultra,5
Uncle,5
Under,5
Undue,5
Unfit,5
Unify,5
Union,5
Unite,5
Units,5
Unity,5
Unlit,5
Unmet,5
Unset,5
Untie,5
Until,5
Upend,5
Upper,5
Upset,5
Urban,5
Urine,5
Usage,5
Usher,5
Using,5
Usual,5
Usurp,5
Utile,5
Utter,5
Vague,5
Valet,5
Valid,5
Valor,5
Valve,5
Vapid,5
Vapor,5
Vasey,5
Vault,5
Vaunt,5
Vegan,5
Velar,5
Venal,5
Venom,5
Venue,5
Verge,5
Verse,5
Verso,5
Verve,5
Vetch,5
Vexed,5
Vicar,5
Video,5
Vigil,5
Vigor,5
Villa,5
Vinyl,5
Viola,5
Viper,5
Viral,5
Virus,5
Visit,5
Visor,5
Vista,5
Vital,5
Vivid,5
Vixen,5
Vocal,5
Vodka,5
Vogue,5
Voice,5
Voila,5
Vomit,5
Voter,5
Vouch,5
Vowel,5
Vying,5
Wacky,5
Wafer,5
Wager,5
Wagon,5
Waist,5
Waive,5
Waltz,5
Warty,5
Waste,5
Watch,5
Water,5
Waver,5
Waxen,5
Weary,5
Weave,5
Wedge,5
Weedy,5
Weigh,5
Weird,5
Welak,5
Welch,5
Wench,5
Whale,5
Wharf,5
Wheat,5
Wheel,5
Whelp,5
Where,5
Which,5
Whiff,5
While,5
Whine,5
Whiny,5
Whirl,5
Whisk,5
White,5
Whole,5
Whoop,5
Whose,5
Widen,5
Wider,5
Widow,5
Width,5
Wield,5
Wiley,5
Willy,5
Wince,5
Winch,5
Windy,5
Wiser,5
Wispy,5
Witch,5
Witty,5
Woken,5
Woman,5
Women,5
Wordy,5
World,5
Worse,5
Worst,5
Worth,5
Would,5
Wound,5
Woven,5
Wrack,5
Wrath,5
Wreak,5
Wreck,5
Wrest,5
Wring,5
Wrist,5
Write,5
Wrong,5
Wrote,5
Wrung,5
Wryly,5
Yacht,5
Yearn,5
Yeast,5
Yield,5
Yodel,5
Young,5
Youth,5
Zebra,5
Zesty,5
Zonal,5